{
    "width": 640,
    "height": 480,
    "cam_K": [538.391033533567,  0,               315.3074696331638,
              0,                 538.085452058436,233.0483557773859,

              0,                  0,                               0]
}
